{"cameraMode":{"drawMode":0,"name":"Shaded","section":"Shading Mode"},"sceneLighting":false,"audioPlay":false,"sceneViewState":{"showFog":false,"showMaterialUpdate":false,"showSkybox":false,"showFlares":false,"showImageEffects":false,"showParticleSystems":false},"in2DMode":false,"pivot":{"x":0.0,"y":0.9549503326416016,"z":1.1920928955078126e-7},"rotation":{"x":-0.07161751389503479,"y":0.017948424443602563,"z":0.0012888620840385557,"w":0.9972715377807617},"size":1.8537828922271729,"orthographic":false}