{"cameraMode":{"drawMode":0,"name":"Shaded","section":"Shading Mode"},"sceneLighting":false,"audioPlay":false,"sceneViewState":{"showFog":false,"showMaterialUpdate":false,"showSkybox":false,"showFlares":false,"showImageEffects":false,"showParticleSystems":false},"in2DMode":false,"pivot":{"x":12.67415714263916,"y":1.934001088142395,"z":-0.14971669018268586},"rotation":{"x":-0.15542282164096833,"y":-0.34240803122520449,"z":0.05754174664616585,"w":-0.9248248338699341},"size":1.3460832834243775,"orthographic":false}