{"cameraMode":{"drawMode":0,"name":"Shaded","section":"Shading Mode"},"sceneLighting":false,"audioPlay":false,"sceneViewState":{"showFog":false,"showMaterialUpdate":false,"showSkybox":false,"showFlares":false,"showImageEffects":false,"showParticleSystems":false},"in2DMode":false,"pivot":{"x":6.519999980926514,"y":0.5593547821044922,"z":2.9802322387695315e-8},"rotation":{"x":-0.15889231860637666,"y":0.24999068677425385,"z":-0.04162659868597984,"w":-0.9542278051376343},"size":1.045839548110962,"orthographic":false}