{"cameraMode":{"drawMode":0,"name":"Shaded","section":"Shading Mode"},"sceneLighting":false,"audioPlay":false,"sceneViewState":{"showFog":false,"showMaterialUpdate":false,"showSkybox":false,"showFlares":false,"showImageEffects":false,"showParticleSystems":false},"in2DMode":false,"pivot":{"x":0.9124338626861572,"y":-1.722510814666748,"z":-4.316845417022705},"rotation":{"x":0.021616052836179735,"y":0.970245897769928,"z":-0.22206240892410279,"w":0.09433254599571228},"size":4.6385626792907719,"orthographic":false}