{"cameraMode":{"drawMode":0,"name":"Shaded","section":"Shading Mode"},"sceneLighting":false,"audioPlay":false,"sceneViewState":{"showFog":false,"showMaterialUpdate":false,"showSkybox":false,"showFlares":false,"showImageEffects":false,"showParticleSystems":false},"in2DMode":false,"pivot":{"x":10.389644622802735,"y":1.0696358680725098,"z":-4.039473533630371},"rotation":{"x":0.22647635638713838,"y":-0.17912441492080689,"z":0.04242657497525215,"w":0.9564893245697022},"size":2.4563701152801515,"orthographic":false}