{"cameraMode":{"drawMode":0,"name":"Shaded","section":"Shading Mode"},"sceneLighting":false,"audioPlay":false,"sceneViewState":{"showFog":false,"showMaterialUpdate":false,"showSkybox":false,"showFlares":false,"showImageEffects":false,"showParticleSystems":false},"in2DMode":false,"pivot":{"x":18.506608963012697,"y":1.5099999904632569,"z":-0.0690000057220459},"rotation":{"x":0.22647635638713838,"y":-0.17912441492080689,"z":0.04242657497525215,"w":0.9564893245697022},"size":0.8660256266593933,"orthographic":false}