{"cameraMode":{"drawMode":0,"name":"Shaded","section":"Shading Mode"},"sceneLighting":true,"audioPlay":false,"sceneViewState":{"showFog":false,"showMaterialUpdate":false,"showSkybox":false,"showFlares":false,"showImageEffects":false,"showParticleSystems":false},"in2DMode":false,"pivot":{"x":-1.7844473123550416,"y":4.480681419372559,"z":-7.580948352813721},"rotation":{"x":0.08978071063756943,"y":-0.04692338407039642,"z":0.004244078882038593,"w":0.9948770999908447},"size":1.8874585628509522,"orthographic":false}