{"cameraMode":{"drawMode":0,"name":"Shaded","section":"Shading Mode"},"sceneLighting":false,"audioPlay":false,"sceneViewState":{"showFog":false,"showMaterialUpdate":false,"showSkybox":false,"showFlares":false,"showImageEffects":false,"showParticleSystems":false},"in2DMode":false,"pivot":{"x":5.730000019073486,"y":0.8700000047683716,"z":0.21000000834465028},"rotation":{"x":0.08986856788396836,"y":-0.015567704103887082,"z":0.0014040472451597453,"w":0.9958453178405762},"size":0.9178485870361328,"orthographic":false}